{"cameraMode":{"drawMode":0,"name":"Shaded","section":"Shading Mode"},"sceneLighting":false,"audioPlay":false,"sceneViewState":{"showFog":true,"showMaterialUpdate":false,"showSkybox":false,"showFlares":true,"showImageEffects":true,"showParticleSystems":true},"in2DMode":false,"pivot":{"x":402.7014465332031,"y":4.638280391693115,"z":355.0},"rotation":{"x":0.22503727674484254,"y":0.6812095642089844,"z":-0.2335670441389084,"w":0.6563331484794617},"size":59.909698486328128,"orthographic":false}